{
  "accuracy": [
    0.8281529545783997,
    0.8383882641792297,
    0.8401647210121155,
    0.8405176401138306,
    0.8471646904945374,
    0.8506235480308533,
    0.8771529197692871,
    0.903741180896759,
    0.9135293960571289,
    0.9215176701545715,
    0.9256941080093384,
    0.9307176470756531,
    0.9347529411315918,
    0.9376000165939331,
    0.9391294121742249,
    0.9381411671638489,
    0.9408941268920898,
    0.9404941201210022,
    0.9412235021591187,
    0.9401764869689941
  ],
  "auc": [
    0.9090976119041443,
    0.9179377555847168,
    0.9182029366493225,
    0.9193418622016907,
    0.9263776540756226,
    0.9277783632278442,
    0.9484508037567139,
    0.9666122794151306,
    0.9720476865768433,
    0.9768109321594238,
    0.978869616985321,
    0.9810783267021179,
    0.9830190539360046,
    0.9844558835029602,
    0.9848236441612244,
    0.9850339889526367,
    0.985694169998169,
    0.9859642386436462,
    0.9855853319168091,
    0.985686719417572
  ],
  "loss": [
    0.4298495054244995,
    0.4129856526851654,
    0.4115305244922638,
    0.4088858962059021,
    0.39379334449768066,
    0.39092516899108887,
    0.35311824083328247,
    0.3085678219795227,
    0.29277876019477844,
    0.27788737416267395,
    0.2706930637359619,
    0.2630234956741333,
    0.2557348906993866,
    0.25015467405319214,
    0.24859191477298737,
    0.2481427639722824,
    0.24504466354846954,
    0.24432474374771118,
    0.24558527767658234,
    0.2450755536556244
  ],
  "precision": [
    0.8282427787780762,
    0.8373780250549316,
    0.8402996063232422,
    0.8408599495887756,
    0.846415102481842,
    0.851207435131073,
    0.8786357641220093,
    0.9038994312286377,
    0.9144114255905151,
    0.9218547940254211,
    0.9256963133811951,
    0.9309834241867065,
    0.9344927668571472,
    0.937949538230896,
    0.9386730194091797,
    0.9384694695472717,
    0.9416552782058716,
    0.9402816891670227,
    0.9414238929748535,
    0.9407614469528198
  ],
  "recall": [
    0.8287291526794434,
    0.8405449986457825,
    0.840615451335907,
    0.84066241979599,
    0.8488606810569763,
    0.8503875732421875,
    0.8756636381149292,
    0.9038994312286377,
    0.9127789735794067,
    0.9214000701904297,
    0.9259572625160217,
    0.9306554198265076,
    0.9352830648422241,
    0.9374207258224487,
    0.9398637413978577,
    0.9379844665527344,
    0.9402396082878113,
    0.9409443140029907,
    0.941202700138092,
    0.9397228360176086
  ],
  "val_accuracy": [
    0.9194666743278503,
    0.9319999814033508,
    0.9279333353042603,
    0.9282666444778442,
    0.9295333623886108,
    0.9275333285331726,
    0.9580666422843933,
    0.9661999940872192,
    0.9705333113670349,
    0.973466694355011,
    0.9753999710083008,
    0.9747999906539917,
    0.9751333594322205,
    0.975933313369751,
    0.977066695690155,
    0.9757333397865295,
    0.975600004196167,
    0.9765333533287048,
    0.9779333472251892,
    0.9769333600997925
  ],
  "val_auc": [
    0.0,
    0.0,
    0.0,
    0.0,
    0.0,
    0.0,
    0.0,
    0.0,
    0.0,
    0.0,
    0.0,
    0.0,
    0.0,
    0.0,
    0.0,
    0.0,
    0.0,
    0.0,
    0.0,
    0.0
  ],
  "val_loss": [
    0.28212499618530273,
    0.26445555686950684,
    0.26644060015678406,
    0.26956525444984436,
    0.26924842596054077,
    0.2681635022163391,
    0.2141842395067215,
    0.20050832629203796,
    0.19269715249538422,
    0.18917356431484222,
    0.1835383176803589,
    0.18412867188453674,
    0.184393972158432,
    0.1826033741235733,
    0.1807330846786499,
    0.1828867495059967,
    0.1831226348876953,
    0.18134765326976776,
    0.1790522187948227,
    0.18066240847110748
  ],
  "val_precision": [
    1.0,
    1.0,
    1.0,
    1.0,
    1.0,
    1.0,
    1.0,
    1.0,
    1.0,
    1.0,
    1.0,
    1.0,
    1.0,
    1.0,
    1.0,
    1.0,
    1.0,
    1.0,
    1.0,
    1.0
  ],
  "val_recall": [
    0.9194666743278503,
    0.9319999814033508,
    0.9279333353042603,
    0.9282666444778442,
    0.9295333623886108,
    0.9275333285331726,
    0.9580666422843933,
    0.9661999940872192,
    0.9705333113670349,
    0.973466694355011,
    0.9753999710083008,
    0.9747999906539917,
    0.9751333594322205,
    0.975933313369751,
    0.977066695690155,
    0.9757333397865295,
    0.975600004196167,
    0.9765333533287048,
    0.9779333472251892,
    0.9769333600997925
  ],
  "learning_rate": [
    0.0010000000474974513,
    0.0010000000474974513,
    0.0010000000474974513,
    0.0010000000474974513,
    0.0003000000142492354,
    0.0003000000142492354,
    9.999999747378752e-06,
    9.999999747378752e-06,
    9.999999747378752e-06,
    9.999999747378752e-06,
    9.999999747378752e-06,
    9.999999747378752e-06,
    9.999999747378752e-06,
    2.9999998787388904e-06,
    2.9999998787388904e-06,
    2.9999998787388904e-06,
    2.9999998787388904e-06,
    8.999999749903509e-07,
    8.999999749903509e-07,
    8.999999749903509e-07
  ]
}